Handle,Title,Body (HTML),Vendor,Product Category,Type,Tags,Published,Option1 Name,Option1 Value,Option1 Linked To,Option2 Name,Option2 Value,Option2 Linked To,Option3 Name,Option3 Value,Option3 Linked To,Variant SKU,Variant Grams,Variant Inventory Tracker,Variant Inventory Policy,Variant Fulfillment Service,Variant Price,Variant Compare At Price,Variant Requires Shipping,Variant Taxable,Unit Price Total Measure,Unit Price Total Measure Unit,Unit Price Base Measure,Unit Price Base Measure Unit,Variant Barcode,Image Src,Image Position,Image Alt Text,Gift Card,SEO Title,SEO Description,Compatible Devices (product.metafields.product.compatible_devices),Age group (product.metafields.shopify.age-group),Case type (product.metafields.shopify.case-type),Color (product.metafields.shopify.color-pattern),Earphone features (product.metafields.shopify.earphone-features),Electronic game genre (product.metafields.shopify.electronic-game-genre),MagSafe compatibility (product.metafields.shopify.magsafe-compatibility),Mobile phone case features (product.metafields.shopify.mobile-phone-case-features),Personalization options (product.metafields.shopify.personalization-options),Recommended age group (product.metafields.shopify.recommended-age-group),Toy/Game material (product.metafields.shopify.toy-game-material),Complementary products (product.metafields.shopify--discovery--product_recommendation.complementary_products),Related products (product.metafields.shopify--discovery--product_recommendation.related_products),Related products settings (product.metafields.shopify--discovery--product_recommendation.related_products_display),Search product boosts (product.metafields.shopify--discovery--product_search_boost.queries),Variant Image,Variant Weight Unit,Variant Tax Code,Cost per item,Status
new-cartoon-pattern-kids-tablet-7-inch-quad-core-4gb-ram-64gb-rom-android-learning-education-games-tablets-childrens-gifts,New Cartoon Pattern Kids Tablet 7 Inch Quad Core 4GB RAM 64GB ROM Android Learning Education Games Tablets Children's Gifts,"<h1>SPECIFICATIONS</h1><p><span>BDF Model</span>: <span style=""color:#333"">Kids Tablet(7-inch)</span></p><p><span>Battery lifetime</span>: <span style=""color:#333"">3 - 8</span></p><p><span>Brand Name</span>: <span style=""color:#333"">BDF</span></p><p><span>Camera</span>: <span style=""color:#333"">Second Webcam,Front Webcam</span></p><p><span>Cell Capacity</span>: <span style=""color:#333"">4000mAh</span></p><p><span>Certification</span>: <span style=""color:#333"">CE,FCC,RoHS</span></p><p><span>Charging Time(H)</span>: <span style=""color:#333"">3</span></p><p><span>Choice</span>: <span style=""color:#333"">yes</span></p><p><span>Display Resolution</span>: <span style=""color:#333"">1024x600</span></p><p><span>Display Size</span>: <span style=""color:#333"">7""</span></p><p><span>Extend Port</span>: <span style=""color:#333"">Earphone Jack,TF card,Type-C</span></p><p><span>Feature</span>: <span style=""color:#333"">ULTRA SLIM,Dual Cameras,Kids Tablets</span></p><p><span>Front Webcam Pixels</span>: <span style=""color:#333"">2 MP</span></p><p><span>Google Play</span>: <span style=""color:#333"">Yes</span></p><p><span>High-concerned chemical</span>: <span style=""color:#333"">None</span></p><p><span>Item Condition</span>: <span style=""color:#333"">New</span></p><p><span>Item Type</span>: <span style=""color:#333"">Kids Tablets</span></p><p><span>Memory Capacity</span>: <span style=""color:#333"">4GB</span></p><p><span>Net Weight</span>: <span style=""color:#333"">100 - 300 G</span></p><p><span>Network Communiction</span>: <span style=""color:#333"">WiFi</span></p><p><span>Operating System</span>: <span style=""color:#333"">Android 13</span></p><p><span>Origin</span>: <span style=""color:#333"">Mainland China</span></p><p><span>Package</span>: <span style=""color:#333"">Yes</span></p><p><span>Panel Type</span>: <span style=""color:#333"">IPS</span></p><p><span>Processor Core</span>: <span style=""color:#333"">Quad Core</span></p><p><span>Processor Manufacture</span>: <span style=""color:#333"">MTK</span></p><p><span>Processor Model</span>: <span style=""color:#333"">Arm</span></p><p><span>Second Webcam Pixels</span>: <span style=""color:#333"">5 MP</span></p><p><span>Sim Card Slot</span>: <span style=""color:#333"">No</span></p><p><span>Standby Time(H)</span>: <span style=""color:#333"">180</span></p><p><span>Supporting Language</span>: <span style=""color:#333"">English,Russian,Spanish,Swedish,Portuguese,Turkish,Italian,German,Chinese,French,Japanese,Polish,Ukrainian,Greek,Hebrew</span></p><p><span>Tablet Storage Capacity</span>: <span style=""color:#333"">64 GB</span></p><p><span>Touch Screen Type</span>: <span style=""color:#333"">Capacitive Screen</span></p>",My Store,Electronics > Electronics Accessories,,,FALSE,Color,Blue,,Bundle,Standard Version,,,,,14:173#Blue;200000828:200003982#Standard Version,623,dsers-fulfillment-service,continue,dsers-fulfillment-service,42.81,0,TRUE,TRUE,,,,,,https://cdn.shopify.com/s/files/1/0715/6816/2972/files/S4179a4cf902243c1871c58579717cdfcH.webp?v=1766136029,1,,FALSE,,,,,,,,,,,,,,,,,,https://cdn.shopify.com/s/files/1/0715/6816/2972/files/Sd744b875619241f4887bdebc22fd4597g.webp?v=1766136029,kg,,36.93,draft
new-cartoon-pattern-kids-tablet-7-inch-quad-core-4gb-ram-64gb-rom-android-learning-education-games-tablets-childrens-gifts,,,,,,,,,Pink,,,Standard Version,,,,,14:1052#Pink;200000828:200003982#Standard Version,623,dsers-fulfillment-service,continue,dsers-fulfillment-service,38.35,0,TRUE,TRUE,,,,,,https://cdn.shopify.com/s/files/1/0715/6816/2972/files/S6b32cea397294e9a803683b45dcb10096.webp?v=1766136030,2,,,,,,,,,,,,,,,,,,,,https://cdn.shopify.com/s/files/1/0715/6816/2972/files/S15a9cade301e4722a073425c41c796f3q.webp?v=1766136029,kg,,32.87,
new-cartoon-pattern-kids-tablet-7-inch-quad-core-4gb-ram-64gb-rom-android-learning-education-games-tablets-childrens-gifts,,,,,,,,,Green,,,Standard Version,,,,,14:175#Green;200000828:200003982#Standard Version,623,dsers-fulfillment-service,continue,dsers-fulfillment-service,44.51,0,TRUE,TRUE,,,,,,https://cdn.shopify.com/s/files/1/0715/6816/2972/files/S792408951f4c47318d94546793c7deb6R.webp?v=1766136029,3,,,,,,,,,,,,,,,,,,,,https://cdn.shopify.com/s/files/1/0715/6816/2972/files/S293b3aa5c8114195b46dac5b53ad1184b.webp?v=1766136029,kg,,38.47,
new-cartoon-pattern-kids-tablet-7-inch-quad-core-4gb-ram-64gb-rom-android-learning-education-games-tablets-childrens-gifts,,,,,,,,,Orange,,,Standard Version,,,,,14:366#Orange;200000828:200003982#Standard Version,623,dsers-fulfillment-service,continue,dsers-fulfillment-service,40.96,0,TRUE,TRUE,,,,,,https://cdn.shopify.com/s/files/1/0715/6816/2972/files/S9c0c2078677e4095905bf8e7cd059d74u.webp?v=1766136029,4,,,,,,,,,,,,,,,,,,,,https://cdn.shopify.com/s/files/1/0715/6816/2972/files/S03c69df2cd7642e6a5dc9301705d69e7K.webp?v=1766136029,kg,,35.25,
new-cartoon-pattern-kids-tablet-7-inch-quad-core-4gb-ram-64gb-rom-android-learning-education-games-tablets-childrens-gifts,,,,,,,,,,,,,,,,,,,,,,,,,,,,,,,https://cdn.shopify.com/s/files/1/0715/6816/2972/files/S2ed4e0558892480aa706323826157431P.webp?v=1766136029,5,,,,,,,,,,,,,,,,,,,,,,,,
new-cartoon-pattern-kids-tablet-7-inch-quad-core-4gb-ram-64gb-rom-android-learning-education-games-tablets-childrens-gifts,,,,,,,,,,,,,,,,,,,,,,,,,,,,,,,https://cdn.shopify.com/s/files/1/0715/6816/2972/files/Sf17f13ae822b41f682cb608c7a54d869W.webp?v=1766136029,6,,,,,,,,,,,,,,,,,,,,,,,,
new-cartoon-pattern-kids-tablet-7-inch-quad-core-4gb-ram-64gb-rom-android-learning-education-games-tablets-childrens-gifts,,,,,,,,,,,,,,,,,,,,,,,,,,,,,,,https://cdn.shopify.com/s/files/1/0715/6816/2972/files/S03c69df2cd7642e6a5dc9301705d69e7K.webp?v=1766136029,7,,,,,,,,,,,,,,,,,,,,,,,,
new-cartoon-pattern-kids-tablet-7-inch-quad-core-4gb-ram-64gb-rom-android-learning-education-games-tablets-childrens-gifts,,,,,,,,,,,,,,,,,,,,,,,,,,,,,,,https://cdn.shopify.com/s/files/1/0715/6816/2972/files/Sd744b875619241f4887bdebc22fd4597g.webp?v=1766136029,8,,,,,,,,,,,,,,,,,,,,,,,,
new-cartoon-pattern-kids-tablet-7-inch-quad-core-4gb-ram-64gb-rom-android-learning-education-games-tablets-childrens-gifts,,,,,,,,,,,,,,,,,,,,,,,,,,,,,,,https://cdn.shopify.com/s/files/1/0715/6816/2972/files/S15a9cade301e4722a073425c41c796f3q.webp?v=1766136029,9,,,,,,,,,,,,,,,,,,,,,,,,
new-cartoon-pattern-kids-tablet-7-inch-quad-core-4gb-ram-64gb-rom-android-learning-education-games-tablets-childrens-gifts,,,,,,,,,,,,,,,,,,,,,,,,,,,,,,,https://cdn.shopify.com/s/files/1/0715/6816/2972/files/S293b3aa5c8114195b46dac5b53ad1184b.webp?v=1766136029,10,,,,,,,,,,,,,,,,,,,,,,,,
tablet-case-for-samsung-galaxy-tab-s6-lite-galaxy-tab-s7-ipad-pro-11-ipad-9-7-9-11inch-tablet-shoulder-bag-carrying-case-storage,Tablet Case for Samsung Galaxy Tab S6 Lite Galaxy Tab S7 IPad Pro 11-iPad 9.7 9-11Inch Tablet Shoulder Bag Carrying Case Storage,"<h1>SPECIFICATIONS</h1><p><span>Application Laptop Size</span>: <span style=""color:#333"">12.9""</span></p><p><span>Battery Included</span>: <span style=""color:#333"">No</span></p><p><span>Brand Name</span>: <span style=""color:#333"">Hansong</span></p><p><span>Choice</span>: <span style=""color:#333"">yes</span></p><p><span>Compatible Brand</span>: <span style=""color:#333"">Universal</span></p><p><span>Feature</span>: <span style=""color:#333"">Waterproof,Shockproof,Drop resistance,Anti-Dust,Soft</span></p><p><span>High-concerned chemical</span>: <span style=""color:#333"">None</span></p><p><span>Material</span>: <span style=""color:#333"">Polyester Fibre</span></p><p><span>Model Compatibility</span>: <span style=""color:#333"">Galaxy Tab S6 Lite 4G,iPad Pro 12.9"" 3rd(2018),ipad 8th(2020),iPad Pro 12.9"" 6th(2022),iPad 6th(2018),iPad Pro 11"" 3rd(2021),Galaxy Tab S7 WLAN,iPad Pro 9.7"" (2016),Galaxy Tab S7+ WLAN (Wifi),iPad Pro 12.9"" 4th(2020),iPad Air 4th(2020),iPad Air 2nd(2014),iPad Air 1st(2013),Galaxy Tab S8+,ipad mini 6th,iPad Pro 11"" 2nd(2020),Galaxy Tab S5e WLAN (Wifi),iPad Pro 11"" 1st(2018),iPad 10th(2022),iPad 9th(2021),iPad 2nd(2011),iPad 3rd(2012),iPad Air 3rd(2019),iPad 4th(2012),Ipad Mini 2nd,iPad 1st(2010),Galaxy Tab S6 Lite WLAN (Wifi),iPad mini 1st,Galaxy Tab S7 FE WLAN (Wifi),iPad 5th(2017),iPad Air 5th(2022),iPad mini 4th,iPad Pro 12.9"" 1st(2015),Galaxy Tab S7 FE LTE,iPad Pro 11"" 4th(2022),iPad Pro 12.9"" 2nd(2017),iPad Pro 12.9"" 5th(2021),iPad 7th(2019),iPad mini 5th,iPad Pro 10.5"" (2016),Galaxy Tab S8,iPad mini 3rd,Galaxy Tab S6,Galaxy Tab S8 5G</span></p><p><span>Model Number</span>: <span style=""color:#333"">Tablet Handbag Case</span></p><p><span>Origin</span>: <span style=""color:#333"">Mainland China</span></p><p><span>Package</span>: <span style=""color:#333"">Yes</span></p><p><span>Pattern Type</span>: <span style=""color:#333"">Solid</span></p><p><span>Style</span>: <span style=""color:#333"">Casual</span></p><p><span>Type</span>: <span style=""color:#333"">Shoulder/Messenger Bag</span></p>",My Store,Electronics > Electronics Accessories,,,FALSE,Color,Navy blue,,Size,12 to 13 inch,,,,,14:175#Navy blue;5:6057181#12 to 13 inch,353,dsers-fulfillment-service,continue,dsers-fulfillment-service,18.16,0,TRUE,TRUE,,,,,,https://cdn.shopify.com/s/files/1/0715/6816/2972/files/Sabf6f7288713444280d6103d25eaa250Z.webp?v=1766136030,1,,FALSE,,,,,,,,,,,,,,,,,,https://cdn.shopify.com/s/files/1/0715/6816/2972/files/S79676e7a5da84ae09c57330bb067b8eeo.webp?v=1766136030,kg,,13.14,draft
tablet-case-for-samsung-galaxy-tab-s6-lite-galaxy-tab-s7-ipad-pro-11-ipad-9-7-9-11inch-tablet-shoulder-bag-carrying-case-storage,,,,,,,,,Navy blue,,,9 to 11 inch,,,,,14:175#Navy blue;5:352681#9 to 11 inch,353,dsers-fulfillment-service,continue,dsers-fulfillment-service,16.7,0,TRUE,TRUE,,,,,,https://cdn.shopify.com/s/files/1/0715/6816/2972/files/Sd2cb39e024b4475fa9fa44d5177c2732n.webp?v=1766136030,2,,,,,,,,,,,,,,,,,,,,https://cdn.shopify.com/s/files/1/0715/6816/2972/files/S79676e7a5da84ae09c57330bb067b8eeo.webp?v=1766136030,kg,,11.93,
tablet-case-for-samsung-galaxy-tab-s6-lite-galaxy-tab-s7-ipad-pro-11-ipad-9-7-9-11inch-tablet-shoulder-bag-carrying-case-storage,,,,,,,,,Light Gray,,,12 to 13 inch,,,,,14:10#Light Gray;5:6057181#12 to 13 inch,353,dsers-fulfillment-service,continue,dsers-fulfillment-service,18.11,0,TRUE,TRUE,,,,,,https://cdn.shopify.com/s/files/1/0715/6816/2972/files/Sb6c6250a1bd24d71b91d0500da12d550T.webp?v=1766136030,3,,,,,,,,,,,,,,,,,,,,https://cdn.shopify.com/s/files/1/0715/6816/2972/files/Sdf7ca20bccfd4292bc1c3c9ee73763e29.webp?v=1766136030,kg,,13.1,
tablet-case-for-samsung-galaxy-tab-s6-lite-galaxy-tab-s7-ipad-pro-11-ipad-9-7-9-11inch-tablet-shoulder-bag-carrying-case-storage,,,,,,,,,Light Gray,,,9 to 11 inch,,,,,14:10#Light Gray;5:352681#9 to 11 inch,353,dsers-fulfillment-service,continue,dsers-fulfillment-service,16.93,0,TRUE,TRUE,,,,,,https://cdn.shopify.com/s/files/1/0715/6816/2972/files/Sec7e3b51c2cd47c6b6f6ddde86767ed1V.webp?v=1766136030,4,,,,,,,,,,,,,,,,,,,,https://cdn.shopify.com/s/files/1/0715/6816/2972/files/Sdf7ca20bccfd4292bc1c3c9ee73763e29.webp?v=1766136030,kg,,12.12,
tablet-case-for-samsung-galaxy-tab-s6-lite-galaxy-tab-s7-ipad-pro-11-ipad-9-7-9-11inch-tablet-shoulder-bag-carrying-case-storage,,,,,,,,,Dark Gray,,,12 to 13 inch,,,,,14:173#Dark Gray;5:6057181#12 to 13 inch,353,dsers-fulfillment-service,continue,dsers-fulfillment-service,18.31,0,TRUE,TRUE,,,,,,https://cdn.shopify.com/s/files/1/0715/6816/2972/files/S4b7ba11550dd4170b2b5ccc2269a10b3N.webp?v=1766136030,5,,,,,,,,,,,,,,,,,,,,https://cdn.shopify.com/s/files/1/0715/6816/2972/files/Sccfad02016674832b50b2ac64fc05a60O.webp?v=1766136030,kg,,13.27,
tablet-case-for-samsung-galaxy-tab-s6-lite-galaxy-tab-s7-ipad-pro-11-ipad-9-7-9-11inch-tablet-shoulder-bag-carrying-case-storage,,,,,,,,,Dark Gray,,,9 to 11 inch,,,,,14:173#Dark Gray;5:352681#9 to 11 inch,353,dsers-fulfillment-service,continue,dsers-fulfillment-service,14.7,0,TRUE,TRUE,,,,,,https://cdn.shopify.com/s/files/1/0715/6816/2972/files/S62aa0047c6084da1810745a581884058o.webp?v=1766136030,6,,,,,,,,,,,,,,,,,,,,https://cdn.shopify.com/s/files/1/0715/6816/2972/files/Sccfad02016674832b50b2ac64fc05a60O.webp?v=1766136030,kg,,10.26,
tablet-case-for-samsung-galaxy-tab-s6-lite-galaxy-tab-s7-ipad-pro-11-ipad-9-7-9-11inch-tablet-shoulder-bag-carrying-case-storage,,,,,,,,,,,,,,,,,,,,,,,,,,,,,,,https://cdn.shopify.com/s/files/1/0715/6816/2972/files/S79676e7a5da84ae09c57330bb067b8eeo.webp?v=1766136030,7,,,,,,,,,,,,,,,,,,,,,,,,
tablet-case-for-samsung-galaxy-tab-s6-lite-galaxy-tab-s7-ipad-pro-11-ipad-9-7-9-11inch-tablet-shoulder-bag-carrying-case-storage,,,,,,,,,,,,,,,,,,,,,,,,,,,,,,,https://cdn.shopify.com/s/files/1/0715/6816/2972/files/Sdf7ca20bccfd4292bc1c3c9ee73763e29.webp?v=1766136030,8,,,,,,,,,,,,,,,,,,,,,,,,
tablet-case-for-samsung-galaxy-tab-s6-lite-galaxy-tab-s7-ipad-pro-11-ipad-9-7-9-11inch-tablet-shoulder-bag-carrying-case-storage,,,,,,,,,,,,,,,,,,,,,,,,,,,,,,,https://cdn.shopify.com/s/files/1/0715/6816/2972/files/Sccfad02016674832b50b2ac64fc05a60O.webp?v=1766136030,9,,,,,,,,,,,,,,,,,,,,,,,,
tablet-bag-for-2023-sleeve-case-for-10-13-inch-tablet-sleeve-case-fits-ipad-air-10-9-inch-ipad-pro-11-m2-ipad-10th-inner-bag,Tablet Bag For 2023 Sleeve Case For 10-13 Inch Tablet Sleeve Case Fits iPad Air 10.9 inch iPad Pro 11 M2 iPad 10th Inner Bag,"<h1>SPECIFICATIONS</h1><p><span>Application Laptop Size</span>: <span style=""color:#333"">11""</span></p><p><span>Battery Included</span>: <span style=""color:#333"">No</span></p><p><span>Brand Name</span>: <span style=""color:#333"">EGYAL</span></p><p><span>Choice</span>: <span style=""color:#333"">yes</span></p><p><span>Compatible Brand</span>: <span style=""color:#333"">Universal</span></p><p><span>High-concerned chemical</span>: <span style=""color:#333"">None</span></p><p><span>Length</span>: <span style=""color:#333"">12</span></p><p><span>Material</span>: <span style=""color:#333"">Nylon</span></p><p><span>Model Compatibility</span>: <span style=""color:#333"">Galaxy Tab S6 Lite 4G,iPad Pro 12.9"" 3rd(2018),ipad 8th(2020),iPad Pro 12.9"" 6th(2022),iPad 6th(2018),iPad Pro 11"" 3rd(2021),Galaxy Tab S7 WLAN,iPad Pro 9.7"" (2016),Galaxy Tab S7+ WLAN (Wifi),iPad Pro 12.9"" 4th(2020),iPad Air 4th(2020),iPad Air 2nd(2014),iPad Air 1st(2013),Galaxy Tab S8+,ipad mini 6th,iPad Pro 11"" 2nd(2020),Galaxy Tab S5e WLAN (Wifi),iPad Pro 11"" 1st(2018),iPad 10th(2022),iPad 9th(2021),iPad 2nd(2011),iPad 3rd(2012),iPad Air 3rd(2019),iPad 4th(2012),Ipad Mini 2nd,iPad 1st(2010),Galaxy Tab S6 Lite WLAN (Wifi),iPad mini 1st,Galaxy Tab S7 FE WLAN (Wifi),Galaxy Tab S8 Ultra 5G,iPad 5th(2017),iPad Air 5th(2022),iPad mini 4th,iPad Pro 12.9"" 1st(2015),Galaxy Tab S7 FE LTE,iPad Pro 11"" 4th(2022),iPad Pro 12.9"" 2nd(2017),iPad Pro 12.9"" 5th(2021),iPad 7th(2019),iPad mini 5th,iPad Pro 10.5"" (2016),Galaxy Tab S8,iPad mini 3rd,Galaxy Tab S6,Galaxy Tab S8 5G</span></p><p><span>Origin</span>: <span style=""color:#333"">Mainland China</span></p><p><span>Package</span>: <span style=""color:#333"">Yes</span></p><p><span>Pattern Type</span>: <span style=""color:#333"">Solid</span></p><p><span>Style</span>: <span style=""color:#333"">Casual</span></p><p><span>Type</span>: <span style=""color:#333"">Sleeve/Pouch</span></p><p><span>Width</span>: <span style=""color:#333"">9.3</span></p><p><span>semi_Choice</span>: <span style=""color:#333"">yes</span></p>",My Store,Electronics > Electronics Accessories,,,FALSE,Color,Dark Grey,,Size,9-11inch,,,,,14:10#Dark Grey;5:352681#9-11inch,200,dsers-fulfillment-service,continue,dsers-fulfillment-service,13.16,0,TRUE,TRUE,,,,,,https://cdn.shopify.com/s/files/1/0715/6816/2972/files/Sd9895c33a36d4774a3fdcd155185cb41V.webp?v=1766136031,1,,FALSE,,,,,,,,,,,,,,,,,,https://cdn.shopify.com/s/files/1/0715/6816/2972/files/Sa89fab18290442b186d789031b36c393l.webp?v=1766136031,kg,,8.98,draft
tablet-bag-for-2023-sleeve-case-for-10-13-inch-tablet-sleeve-case-fits-ipad-air-10-9-inch-ipad-pro-11-m2-ipad-10th-inner-bag,,,,,,,,,Dark Grey,,,12.4 12.9 13 inch,,,,,14:10#Dark Grey;5:6057181#12.4 12.9 13 inch,200,dsers-fulfillment-service,continue,dsers-fulfillment-service,14.7,0,TRUE,TRUE,,,,,,https://cdn.shopify.com/s/files/1/0715/6816/2972/files/Sef5d2cfd64124d09bcb9e9851ad566a4U.webp?v=1766136031,2,,,,,,,,,,,,,,,,,,,,https://cdn.shopify.com/s/files/1/0715/6816/2972/files/Sa89fab18290442b186d789031b36c393l.webp?v=1766136031,kg,,10.26,
tablet-bag-for-2023-sleeve-case-for-10-13-inch-tablet-sleeve-case-fits-ipad-air-10-9-inch-ipad-pro-11-m2-ipad-10th-inner-bag,,,,,,,,,White,,,9-11inch,,,,,14:29#White;5:352681#9-11inch,200,dsers-fulfillment-service,continue,dsers-fulfillment-service,12.55,0,TRUE,TRUE,,,,,,https://cdn.shopify.com/s/files/1/0715/6816/2972/files/S06c3ef24db954d0b874887b252c8fd4dm.webp?v=1766136031,3,,,,,,,,,,,,,,,,,,,,https://cdn.shopify.com/s/files/1/0715/6816/2972/files/Sccc2e46e071e47d69edfa6a995cdd5ab9.webp?v=1766136031,kg,,8.47,
tablet-bag-for-2023-sleeve-case-for-10-13-inch-tablet-sleeve-case-fits-ipad-air-10-9-inch-ipad-pro-11-m2-ipad-10th-inner-bag,,,,,,,,,White,,,12.4 12.9 13 inch,,,,,14:29#White;5:6057181#12.4 12.9 13 inch,200,dsers-fulfillment-service,continue,dsers-fulfillment-service,14.7,0,TRUE,TRUE,,,,,,https://cdn.shopify.com/s/files/1/0715/6816/2972/files/Sb7a163eae05944899fb0017e6ce9d652L.webp?v=1766136031,4,,,,,,,,,,,,,,,,,,,,https://cdn.shopify.com/s/files/1/0715/6816/2972/files/Sccc2e46e071e47d69edfa6a995cdd5ab9.webp?v=1766136031,kg,,10.26,
tablet-bag-for-2023-sleeve-case-for-10-13-inch-tablet-sleeve-case-fits-ipad-air-10-9-inch-ipad-pro-11-m2-ipad-10th-inner-bag,,,,,,,,,Pink,,,9-11inch,,,,,14:100009342#Pink;5:352681#9-11inch,200,dsers-fulfillment-service,continue,dsers-fulfillment-service,12.13,0,TRUE,TRUE,,,,,,https://cdn.shopify.com/s/files/1/0715/6816/2972/files/Sae3a74b9d422426a897e800aa01592ffA.webp?v=1766136031,5,,,,,,,,,,,,,,,,,,,,https://cdn.shopify.com/s/files/1/0715/6816/2972/files/S3c0b00dd63bf4a4ea5015ddbb656c1d7H.webp?v=1766136031,kg,,8.12,
tablet-bag-for-2023-sleeve-case-for-10-13-inch-tablet-sleeve-case-fits-ipad-air-10-9-inch-ipad-pro-11-m2-ipad-10th-inner-bag,,,,,,,,,Pink,,,12.4 12.9 13 inch,,,,,14:100009342#Pink;5:6057181#12.4 12.9 13 inch,200,dsers-fulfillment-service,continue,dsers-fulfillment-service,14.83,0,TRUE,TRUE,,,,,,https://cdn.shopify.com/s/files/1/0715/6816/2972/files/Sf0249fb7940d47dc83c0f0683e17b28fK.webp?v=1766136032,6,,,,,,,,,,,,,,,,,,,,https://cdn.shopify.com/s/files/1/0715/6816/2972/files/S3c0b00dd63bf4a4ea5015ddbb656c1d7H.webp?v=1766136031,kg,,10.37,
tablet-bag-for-2023-sleeve-case-for-10-13-inch-tablet-sleeve-case-fits-ipad-air-10-9-inch-ipad-pro-11-m2-ipad-10th-inner-bag,,,,,,,,,Black,,,9-11inch,,,,,14:173#Black;5:352681#9-11inch,200,dsers-fulfillment-service,continue,dsers-fulfillment-service,12.9,0,TRUE,TRUE,,,,,,https://cdn.shopify.com/s/files/1/0715/6816/2972/files/Sccc2e46e071e47d69edfa6a995cdd5ab9.webp?v=1766136031,7,,,,,,,,,,,,,,,,,,,,https://cdn.shopify.com/s/files/1/0715/6816/2972/files/S4631660d8da3425db9e1b2f0b6a96eabS.webp?v=1766136031,kg,,7.93,
tablet-bag-for-2023-sleeve-case-for-10-13-inch-tablet-sleeve-case-fits-ipad-air-10-9-inch-ipad-pro-11-m2-ipad-10th-inner-bag,,,,,,,,,Black,,,12.4 12.9 13 inch,,,,,14:173#Black;5:6057181#12.4 12.9 13 inch,200,dsers-fulfillment-service,continue,dsers-fulfillment-service,14.5,0,TRUE,TRUE,,,,,,https://cdn.shopify.com/s/files/1/0715/6816/2972/files/S3c0b00dd63bf4a4ea5015ddbb656c1d7H.webp?v=1766136031,8,,,,,,,,,,,,,,,,,,,,https://cdn.shopify.com/s/files/1/0715/6816/2972/files/S4631660d8da3425db9e1b2f0b6a96eabS.webp?v=1766136031,kg,,10.09,
tablet-bag-for-2023-sleeve-case-for-10-13-inch-tablet-sleeve-case-fits-ipad-air-10-9-inch-ipad-pro-11-m2-ipad-10th-inner-bag,,,,,,,,,Green,,,9-11inch,,,,,14:175#Green;5:352681#9-11inch,200,dsers-fulfillment-service,continue,dsers-fulfillment-service,12.66,0,TRUE,TRUE,,,,,,https://cdn.shopify.com/s/files/1/0715/6816/2972/files/S4631660d8da3425db9e1b2f0b6a96eabS.webp?v=1766136031,9,,,,,,,,,,,,,,,,,,,,https://cdn.shopify.com/s/files/1/0715/6816/2972/files/Sd84367a75b2949bfa8af05cdc565f208n.webp?v=1766136031,kg,,8.56,
tablet-bag-for-2023-sleeve-case-for-10-13-inch-tablet-sleeve-case-fits-ipad-air-10-9-inch-ipad-pro-11-m2-ipad-10th-inner-bag,,,,,,,,,Green,,,12.4 12.9 13 inch,,,,,14:175#Green;5:6057181#12.4 12.9 13 inch,200,dsers-fulfillment-service,continue,dsers-fulfillment-service,14.45,0,TRUE,TRUE,,,,,,https://cdn.shopify.com/s/files/1/0715/6816/2972/files/Sd84367a75b2949bfa8af05cdc565f208n.webp?v=1766136031,10,,,,,,,,,,,,,,,,,,,,https://cdn.shopify.com/s/files/1/0715/6816/2972/files/Sd84367a75b2949bfa8af05cdc565f208n.webp?v=1766136031,kg,,10.05,
tablet-bag-for-2023-sleeve-case-for-10-13-inch-tablet-sleeve-case-fits-ipad-air-10-9-inch-ipad-pro-11-m2-ipad-10th-inner-bag,,,,,,,,,Navy Blue,,,9-11inch,,,,,14:193#Navy Blue;5:352681#9-11inch,200,dsers-fulfillment-service,continue,dsers-fulfillment-service,12.11,0,TRUE,TRUE,,,,,,https://cdn.shopify.com/s/files/1/0715/6816/2972/files/Sab52c9d9a8a445bf9ce424825214067fB.webp?v=1766136031,11,,,,,,,,,,,,,,,,,,,,https://cdn.shopify.com/s/files/1/0715/6816/2972/files/Sab52c9d9a8a445bf9ce424825214067fB.webp?v=1766136031,kg,,8.1,
tablet-bag-for-2023-sleeve-case-for-10-13-inch-tablet-sleeve-case-fits-ipad-air-10-9-inch-ipad-pro-11-m2-ipad-10th-inner-bag,,,,,,,,,Navy Blue,,,12.4 12.9 13 inch,,,,,14:193#Navy Blue;5:6057181#12.4 12.9 13 inch,200,dsers-fulfillment-service,continue,dsers-fulfillment-service,14.11,0,TRUE,TRUE,,,,,,https://cdn.shopify.com/s/files/1/0715/6816/2972/files/Sa89fab18290442b186d789031b36c393l.webp?v=1766136031,12,,,,,,,,,,,,,,,,,,,,https://cdn.shopify.com/s/files/1/0715/6816/2972/files/Sab52c9d9a8a445bf9ce424825214067fB.webp?v=1766136031,kg,,9.77,
laptop-sleeve-bag-14-15-6-inch-notebook-pouch-for-macbook-hp-dell-acer-shockproof-computer-briefcase-travel-business-men-case,Laptop Sleeve bag 14 15.6 Inch Notebook Pouch For Macbook HP Dell Acer Shockproof Computer Briefcase Travel Business Men Case,"<h1>SPECIFICATIONS</h1><p><span>Applicable Models</span>: <span style=""color:#333"">MacBook Pro 13,MacBook Pro 15,MacBook Air 13,MacBook Air 11,MacBook Pro 14,MacBook Pro 16,MacBook Air 12,MacBook 12</span></p><p><span>Brand Name</span>: <span style=""color:#333"">ValueWin</span></p><p><span>Choice</span>: <span style=""color:#333"">yes</span></p><p><span>Closure Type</span>: <span style=""color:#333"">Zipper</span></p><p><span>Color</span>: <span style=""color:#333"">dark grey</span></p><p><span>Feature 1</span>: <span style=""color:#333"">shockproof/protective/College Pack</span></p><p><span>Feature 2</span>: <span style=""color:#333"">Laptop Bag 13.3 15.6 14 INCH Waterproof Notebook Case Sleeve For Macbook Air Pro 13 15 Computer Shoulder Handbag Briefcase Bag</span></p><p><span>Gender</span>: <span style=""color:#333"">Unisex,Men</span></p><p><span>High-concerned chemical</span>: <span style=""color:#333"">None</span></p><p><span>Material</span>: <span style=""color:#333"">POLYESTER,Polyester</span></p><p><span>Model Number</span>: <span style=""color:#333"">MA168</span></p><p><span>Name</span>: <span style=""color:#333"">waterproof laptop sleeve pouch</span></p><p><span>Origin</span>: <span style=""color:#333"">Mainland China</span></p><p><span>Package</span>: <span style=""color:#333"">Yes</span></p><p><span>Pattern Type</span>: <span style=""color:#333"">Solid</span></p><p><span>Quantity</span>: <span style=""color:#333"">1 pcs/set</span></p><p><span>Size</span>: <span style=""color:#333"">14 inch and 15.6 inch</span></p><p><span>Style</span>: <span style=""color:#333"">Liner Sleeve,Business</span></p><p><span>Type</span>: <span style=""color:#333"">Laptop Sleeve</span></p>",My Store,Electronics > Electronics Accessories,,,FALSE,Color,Dark grey,,Size,15.6-inch,,,,,14:200004890#Dark grey;5:202697809,274,dsers-fulfillment-service,continue,dsers-fulfillment-service,14.78,0,TRUE,TRUE,,,,,,https://cdn.shopify.com/s/files/1/0715/6816/2972/files/S9557286135d44bde84d3c50d66727bf2H.webp?v=1766136030,1,,FALSE,,,,,,,,,,,,,,,,,,https://cdn.shopify.com/s/files/1/0715/6816/2972/files/S2e7310c5285d49b49e80cb015ceadb0eP.webp?v=1766136031,kg,,10.33,draft
laptop-sleeve-bag-14-15-6-inch-notebook-pouch-for-macbook-hp-dell-acer-shockproof-computer-briefcase-travel-business-men-case,,,,,,,,,Dark grey,,,14-inch,,,,,14:200004890#Dark grey;5:200518394,274,dsers-fulfillment-service,continue,dsers-fulfillment-service,13.63,0,TRUE,TRUE,,,,,,https://cdn.shopify.com/s/files/1/0715/6816/2972/files/S7509d30328d64212bf81394d26b197397.webp?v=1766136030,2,,,,,,,,,,,,,,,,,,,,https://cdn.shopify.com/s/files/1/0715/6816/2972/files/S2e7310c5285d49b49e80cb015ceadb0eP.webp?v=1766136031,kg,,9.37,
laptop-sleeve-bag-14-15-6-inch-notebook-pouch-for-macbook-hp-dell-acer-shockproof-computer-briefcase-travel-business-men-case,,,,,,,,,,,,,,,,,,,,,,,,,,,,,,,https://cdn.shopify.com/s/files/1/0715/6816/2972/files/S58c3cbe7f8884811b63239b8b4ddbe1cb.webp?v=1766136030,3,,,,,,,,,,,,,,,,,,,,,,,,
laptop-sleeve-bag-14-15-6-inch-notebook-pouch-for-macbook-hp-dell-acer-shockproof-computer-briefcase-travel-business-men-case,,,,,,,,,,,,,,,,,,,,,,,,,,,,,,,https://cdn.shopify.com/s/files/1/0715/6816/2972/files/Seb0c448c65464e97b31ab9302ceb8c06J.webp?v=1766136030,4,,,,,,,,,,,,,,,,,,,,,,,,
laptop-sleeve-bag-14-15-6-inch-notebook-pouch-for-macbook-hp-dell-acer-shockproof-computer-briefcase-travel-business-men-case,,,,,,,,,,,,,,,,,,,,,,,,,,,,,,,https://cdn.shopify.com/s/files/1/0715/6816/2972/files/S26dc30580c60421d9fe097579dadf7965.webp?v=1766136030,5,,,,,,,,,,,,,,,,,,,,,,,,
laptop-sleeve-bag-14-15-6-inch-notebook-pouch-for-macbook-hp-dell-acer-shockproof-computer-briefcase-travel-business-men-case,,,,,,,,,,,,,,,,,,,,,,,,,,,,,,,https://cdn.shopify.com/s/files/1/0715/6816/2972/files/Sef13213fadad467ca30f2d3e18516b731.webp?v=1766136030,6,,,,,,,,,,,,,,,,,,,,,,,,
laptop-sleeve-bag-14-15-6-inch-notebook-pouch-for-macbook-hp-dell-acer-shockproof-computer-briefcase-travel-business-men-case,,,,,,,,,,,,,,,,,,,,,,,,,,,,,,,https://cdn.shopify.com/s/files/1/0715/6816/2972/files/S2e7310c5285d49b49e80cb015ceadb0eP.webp?v=1766136031,7,,,,,,,,,,,,,,,,,,,,,,,,
tablet-sleeve-bag-9-11-inch-for-xiaomi-pad-5-pro-ipad-air-pro-11-13-m4-m2-10th-9-8-10-2-for-samsung-huawei-shockproof-pouch-bags,Tablet Sleeve Bag 9-11 inch for XiaoMi Pad 5 Pro iPad Air Pro 11 13 M4 M2 10th/9/8 10.2 For Samsung Huawei Shockproof Pouch Bags,"<h1>SPECIFICATIONS</h1><p><span>Application Laptop Size</span>: <span style=""color:#333"">11""</span></p><p><span>Battery Included</span>: <span style=""color:#333"">No</span></p><p><span>Brand Name</span>: <span style=""color:#333"">EGYAL</span></p><p><span>Compatible Brand</span>: <span style=""color:#333"">Xiaomi</span></p><p><span>Feature</span>: <span style=""color:#333"">Waterproof,Drop resistance,Anti-Dust,Shockproof,Soft</span></p><p><span>High-concerned chemical</span>: <span style=""color:#333"">None</span></p><p><span>Length</span>: <span style=""color:#333"">30</span></p><p><span>Material</span>: <span style=""color:#333"">Nylon</span></p><p><span>Model Compatibility</span>: <span style=""color:#333"">Galaxy Tab S6 Lite 4G,ipad 8th(2020),iPad 6th(2018),iPad Pro 11"" 3rd(2021),Galaxy Tab S7 WLAN,iPad Pro 9.7"" (2016),iPad Air 4th(2020),iPad Air 2nd(2014),iPad Air 1st(2013),ipad mini 6th,iPad Pro 11"" 2nd(2020),Galaxy Tab S5e WLAN (Wifi),iPad Pro 11"" 1st(2018),iPad 10th(2022),iPad 9th(2021),iPad 2nd(2011),iPad Air 3rd(2019),Ipad Mini 2nd,iPad 1st(2010),iPad 4th(2012),iPad 3rd(2012),Galaxy Tab S6 Lite WLAN (Wifi),iPad mini 1st,iPad 5th(2017),iPad Air 5th(2022),iPad mini 4th,iPad Pro 11"" 4th(2022),iPad 7th(2019),iPad Pro 10.5"" (2016),iPad mini 5th,iPad mini 3rd,Galaxy Tab S8 5G,Galaxy Tab S6,Galaxy Tab S8</span></p><p><span>Origin</span>: <span style=""color:#333"">Mainland China</span></p><p><span>Package</span>: <span style=""color:#333"">Yes</span></p><p><span>Pattern Type</span>: <span style=""color:#333"">Solid</span></p><p><span>Style</span>: <span style=""color:#333"">Fashion</span></p><p><span>Type</span>: <span style=""color:#333"">Sleeve/Pouch</span></p><p><span>Width</span>: <span style=""color:#333"">22</span></p>",My Store,Electronics > Electronics Accessories,,,FALSE,Color,Matcha Green,,Size,9inch-11inch,,,,,14:100009342#Matcha Green;5:6057181#9inch-11inch,200,dsers-fulfillment-service,continue,dsers-fulfillment-service,19.57,0,TRUE,TRUE,,,,,,https://cdn.shopify.com/s/files/1/0715/6816/2972/files/Sfc70a4206d1d4d7e8a5d30422baa1dc9n.webp?v=1766136031,1,,FALSE,,,,,,,,,,,,,,,,,,https://cdn.shopify.com/s/files/1/0715/6816/2972/files/Sc3bd6162309449aba017192153d60637H.webp?v=1766136031,kg,,16.31,draft
tablet-sleeve-bag-9-11-inch-for-xiaomi-pad-5-pro-ipad-air-pro-11-13-m4-m2-10th-9-8-10-2-for-samsung-huawei-shockproof-pouch-bags,,,,,,,,,Pink Purple,,,9inch-11inch,,,,,14:29#Pink Purple;5:6057181#9inch-11inch,200,dsers-fulfillment-service,continue,dsers-fulfillment-service,19.57,0,TRUE,TRUE,,,,,,https://cdn.shopify.com/s/files/1/0715/6816/2972/files/S19e95b3107cd44409664fdb268265179t.webp?v=1766136031,2,,,,,,,,,,,,,,,,,,,,https://cdn.shopify.com/s/files/1/0715/6816/2972/files/Sb0efcad2ba5e4915b0d5e7b96180c4e5m.webp?v=1766136031,kg,,16.31,
tablet-sleeve-bag-9-11-inch-for-xiaomi-pad-5-pro-ipad-air-pro-11-13-m4-m2-10th-9-8-10-2-for-samsung-huawei-shockproof-pouch-bags,,,,,,,,,Milky White,,,9inch-11inch,,,,,14:10#Milky White;5:6057181#9inch-11inch,200,dsers-fulfillment-service,continue,dsers-fulfillment-service,19.57,0,TRUE,TRUE,,,,,,https://cdn.shopify.com/s/files/1/0715/6816/2972/files/S5b30f9452d9949db9ebad9f7bfaeba11q.webp?v=1766136031,3,,,,,,,,,,,,,,,,,,,,https://cdn.shopify.com/s/files/1/0715/6816/2972/files/S0bd48fe417b443b2b9b79133a944d264N.webp?v=1766136032,kg,,16.31,
tablet-sleeve-bag-9-11-inch-for-xiaomi-pad-5-pro-ipad-air-pro-11-13-m4-m2-10th-9-8-10-2-for-samsung-huawei-shockproof-pouch-bags,,,,,,,,,Bright Orange,,,9inch-11inch,,,,,14:173#Bright Orange;5:6057181#9inch-11inch,200,dsers-fulfillment-service,continue,dsers-fulfillment-service,19.57,0,TRUE,TRUE,,,,,,https://cdn.shopify.com/s/files/1/0715/6816/2972/files/S07eb5b9d67464b30ba3ecc49b3cea1e2z.webp?v=1766136031,4,,,,,,,,,,,,,,,,,,,,https://cdn.shopify.com/s/files/1/0715/6816/2972/files/S2b095f81902540d695f41f817a76657cK.webp?v=1766136032,kg,,16.31,
tablet-sleeve-bag-9-11-inch-for-xiaomi-pad-5-pro-ipad-air-pro-11-13-m4-m2-10th-9-8-10-2-for-samsung-huawei-shockproof-pouch-bags,,,,,,,,,Black,,,9inch-11inch,,,,,14:175#Black;5:6057181#9inch-11inch,200,dsers-fulfillment-service,continue,dsers-fulfillment-service,19.57,0,TRUE,TRUE,,,,,,https://cdn.shopify.com/s/files/1/0715/6816/2972/files/Sd63918f8b1f34b46a959949cc76a7d62I.webp?v=1766136031,5,,,,,,,,,,,,,,,,,,,,https://cdn.shopify.com/s/files/1/0715/6816/2972/files/Sd5c5901b3b5e4f0693365183082ba0ber.webp?v=1766136032,kg,,16.31,
tablet-sleeve-bag-9-11-inch-for-xiaomi-pad-5-pro-ipad-air-pro-11-13-m4-m2-10th-9-8-10-2-for-samsung-huawei-shockproof-pouch-bags,,,,,,,,,Milky White,,,12.4 - 13.3 inch,,,,,14:10#Milky White;5:9955502#12.4 - 13.3 inch,200,dsers-fulfillment-service,continue,dsers-fulfillment-service,21.19,0,TRUE,TRUE,,,,,,https://cdn.shopify.com/s/files/1/0715/6816/2972/files/S7fea7ad095af4c71897a98387126b9c3R.webp?v=1766136031,6,,,,,,,,,,,,,,,,,,,,https://cdn.shopify.com/s/files/1/0715/6816/2972/files/S0bd48fe417b443b2b9b79133a944d264N.webp?v=1766136032,kg,,17.66,
tablet-sleeve-bag-9-11-inch-for-xiaomi-pad-5-pro-ipad-air-pro-11-13-m4-m2-10th-9-8-10-2-for-samsung-huawei-shockproof-pouch-bags,,,,,,,,,Black,,,12.4 - 13.3 inch,,,,,14:175#Black;5:9955502#12.4 - 13.3 inch,200,dsers-fulfillment-service,continue,dsers-fulfillment-service,21.19,0,TRUE,TRUE,,,,,,https://cdn.shopify.com/s/files/1/0715/6816/2972/files/Sd5c5901b3b5e4f0693365183082ba0ber.webp?v=1766136032,7,,,,,,,,,,,,,,,,,,,,https://cdn.shopify.com/s/files/1/0715/6816/2972/files/Sd5c5901b3b5e4f0693365183082ba0ber.webp?v=1766136032,kg,,17.66,
tablet-sleeve-bag-9-11-inch-for-xiaomi-pad-5-pro-ipad-air-pro-11-13-m4-m2-10th-9-8-10-2-for-samsung-huawei-shockproof-pouch-bags,,,,,,,,,Bright Orange,,,12.4 - 13.3 inch,,,,,14:173#Bright Orange;5:9955502#12.4 - 13.3 inch,200,dsers-fulfillment-service,continue,dsers-fulfillment-service,21.19,0,TRUE,TRUE,,,,,,https://cdn.shopify.com/s/files/1/0715/6816/2972/files/Sc3bd6162309449aba017192153d60637H.webp?v=1766136031,8,,,,,,,,,,,,,,,,,,,,https://cdn.shopify.com/s/files/1/0715/6816/2972/files/S2b095f81902540d695f41f817a76657cK.webp?v=1766136032,kg,,17.66,
tablet-sleeve-bag-9-11-inch-for-xiaomi-pad-5-pro-ipad-air-pro-11-13-m4-m2-10th-9-8-10-2-for-samsung-huawei-shockproof-pouch-bags,,,,,,,,,Pink Purple,,,12.4 - 13.3 inch,,,,,14:29#Pink Purple;5:9955502#12.4 - 13.3 inch,200,dsers-fulfillment-service,continue,dsers-fulfillment-service,21.19,0,TRUE,TRUE,,,,,,https://cdn.shopify.com/s/files/1/0715/6816/2972/files/Sb0efcad2ba5e4915b0d5e7b96180c4e5m.webp?v=1766136031,9,,,,,,,,,,,,,,,,,,,,https://cdn.shopify.com/s/files/1/0715/6816/2972/files/Sb0efcad2ba5e4915b0d5e7b96180c4e5m.webp?v=1766136031,kg,,17.66,
tablet-sleeve-bag-9-11-inch-for-xiaomi-pad-5-pro-ipad-air-pro-11-13-m4-m2-10th-9-8-10-2-for-samsung-huawei-shockproof-pouch-bags,,,,,,,,,Matcha Green,,,12.4 - 13.3 inch,,,,,14:100009342#Matcha Green;5:9955502#12.4 - 13.3 inch,200,dsers-fulfillment-service,continue,dsers-fulfillment-service,21.19,0,TRUE,TRUE,,,,,,https://cdn.shopify.com/s/files/1/0715/6816/2972/files/S0bd48fe417b443b2b9b79133a944d264N.webp?v=1766136032,10,,,,,,,,,,,,,,,,,,,,https://cdn.shopify.com/s/files/1/0715/6816/2972/files/Sc3bd6162309449aba017192153d60637H.webp?v=1766136031,kg,,17.66,
tablet-sleeve-bag-9-11-inch-for-xiaomi-pad-5-pro-ipad-air-pro-11-13-m4-m2-10th-9-8-10-2-for-samsung-huawei-shockproof-pouch-bags,,,,,,,,,,,,,,,,,,,,,,,,,,,,,,,https://cdn.shopify.com/s/files/1/0715/6816/2972/files/S2b095f81902540d695f41f817a76657cK.webp?v=1766136032,11,,,,,,,,,,,,,,,,,,,,,,,,
for-2025-ipad-air-11-case-ipad-10th-generation-11th-a16-9th-cover-gen-ipad-pro11-4-5-10-9in-12-9-m2-m3-m4-pencil-holder-case,For 2025 iPad Air 11 Case iPad 10th Generation 11th A16 9th Cover Gen iPad Pro11 4 5 10.9in 12.9 M2 M3 M4 Pencil Holder Case,"<h1>SPECIFICATIONS</h1><p><span>Application Laptop Size</span>: <span style=""color:#333"">10""</span></p><p><span>Battery Included</span>: <span style=""color:#333"">No</span></p><p><span>Brand Name</span>: <span style=""color:#333"">DANYCASE</span></p><p><span>Choice</span>: <span style=""color:#333"">yes</span></p><p><span>Compatible Brand</span>: <span style=""color:#333"">For Apple iPad</span></p><p><span>Feature</span>: <span style=""color:#333"">Waterproof,Shockproof,Drop resistance,Anti-Dust,Hard</span></p><p><span>For IPad Model</span>: <span style=""color:#333"">iPad Pro 11 inch</span></p><p><span>High-concerned chemical</span>: <span style=""color:#333"">None</span></p><p><span>Material</span>: <span style=""color:#333"">TPU</span></p><p><span>Model Compatibility</span>: <span style=""color:#333"">2024IPadAir11-inch（M2),2024IPadAir13-inch（M2),2024IPadPro11-inch(M4),2024IPadPro 13-inch(M4),iPadAir13（M3 2025),iPadAir11（M3 2025),iPad11(A1 62025),iPad10th 2022</span></p><p><span>Model Number</span>: <span style=""color:#333"">iPad Air 11 M3</span></p><p><span>Origin</span>: <span style=""color:#333"">Mainland China</span></p><p><span>Package</span>: <span style=""color:#333"">Yes</span></p><p><span>Pattern Type</span>: <span style=""color:#333"">Print</span></p><p><span>Style</span>: <span style=""color:#333"">Fashion</span></p><p><span>Type</span>: <span style=""color:#333"">Protective Shell/Skin</span></p>",My Store,Electronics > Electronics Accessories,,,FALSE,Color,Camping Bear Rabbit,,Size,iPad Pro 11in,,,,,14:10#Camping Bear Rabbit;5:14500916#iPad Pro 11in,248,dsers-fulfillment-service,continue,dsers-fulfillment-service,12.82,0,TRUE,TRUE,,,,,,https://cdn.shopify.com/s/files/1/0715/6816/2972/files/S5d93ed1776b0476d9028db31c34732399.webp?v=1766136033,1,,FALSE,,,,,,,,,,,,,,,,,,https://cdn.shopify.com/s/files/1/0715/6816/2972/files/S80269ee8dab7489bbd37091ddda994adg.webp?v=1766136032,kg,,8.69,draft
for-2025-ipad-air-11-case-ipad-10th-generation-11th-a16-9th-cover-gen-ipad-pro11-4-5-10-9in-12-9-m2-m3-m4-pencil-holder-case,,,,,,,,,Camping Bear Rabbit,,,iPad 10th 10.9,,,,,14:10#Camping Bear Rabbit;5:11090870#iPad 10th 10.9,248,dsers-fulfillment-service,continue,dsers-fulfillment-service,12.8,0,TRUE,TRUE,,,,,,https://cdn.shopify.com/s/files/1/0715/6816/2972/files/S8cefc9a2e8634decb0087dc9e8cea187t.webp?v=1766136032,2,,,,,,,,,,,,,,,,,,,,https://cdn.shopify.com/s/files/1/0715/6816/2972/files/S80269ee8dab7489bbd37091ddda994adg.webp?v=1766136032,kg,,8.68,
for-2025-ipad-air-11-case-ipad-10th-generation-11th-a16-9th-cover-gen-ipad-pro11-4-5-10-9in-12-9-m2-m3-m4-pencil-holder-case,,,,,,,,,Camping Bear Rabbit,,,iPad Pro 12.9in,,,,,14:10#Camping Bear Rabbit;5:201000052#iPad Pro 12.9in,248,dsers-fulfillment-service,continue,dsers-fulfillment-service,16.81,0,TRUE,TRUE,,,,,,https://cdn.shopify.com/s/files/1/0715/6816/2972/files/S7f15450ba1a74c1598f3311fcea44247B.webp?v=1766136033,3,,,,,,,,,,,,,,,,,,,,https://cdn.shopify.com/s/files/1/0715/6816/2972/files/S80269ee8dab7489bbd37091ddda994adg.webp?v=1766136032,kg,,12.02,
for-2025-ipad-air-11-case-ipad-10th-generation-11th-a16-9th-cover-gen-ipad-pro11-4-5-10-9in-12-9-m2-m3-m4-pencil-holder-case,,,,,,,,,Camping Bear Rabbit,,,iPad Air4 Air5 10.9,,,,,14:10#Camping Bear Rabbit;5:200038100#iPad Air4 Air5 10.9,248,dsers-fulfillment-service,continue,dsers-fulfillment-service,12.88,0,TRUE,TRUE,,,,,,https://cdn.shopify.com/s/files/1/0715/6816/2972/files/S7b785d70b3894ade9d4631221f392b93k.webp?v=1766136033,4,,,,,,,,,,,,,,,,,,,,https://cdn.shopify.com/s/files/1/0715/6816/2972/files/S80269ee8dab7489bbd37091ddda994adg.webp?v=1766136032,kg,,8.74,
for-2025-ipad-air-11-case-ipad-10th-generation-11th-a16-9th-cover-gen-ipad-pro11-4-5-10-9in-12-9-m2-m3-m4-pencil-holder-case,,,,,,,,,Camping Bear Rabbit,,,iPad mini 6 7,,,,,14:10#Camping Bear Rabbit;5:352681#iPad mini 6 7,248,dsers-fulfillment-service,continue,dsers-fulfillment-service,11.91,0,TRUE,TRUE,,,,,,https://cdn.shopify.com/s/files/1/0715/6816/2972/files/S434b0828ce704e30b526c091ebd84040M.webp?v=1766136033,5,,,,,,,,,,,,,,,,,,,,https://cdn.shopify.com/s/files/1/0715/6816/2972/files/S80269ee8dab7489bbd37091ddda994adg.webp?v=1766136032,kg,,7.17,
for-2025-ipad-air-11-case-ipad-10th-generation-11th-a16-9th-cover-gen-ipad-pro11-4-5-10-9in-12-9-m2-m3-m4-pencil-holder-case,,,,,,,,,Camping Bear Rabbit,,,iPad 7 8 9th 10.2,,,,,14:10#Camping Bear Rabbit;5:9955502#iPad 7 8 9th 10.2,248,dsers-fulfillment-service,continue,dsers-fulfillment-service,12.97,0,TRUE,TRUE,,,,,,https://cdn.shopify.com/s/files/1/0715/6816/2972/files/S753135c3983842afbbb1511711b94979n.webp?v=1766136033,6,,,,,,,,,,,,,,,,,,,,https://cdn.shopify.com/s/files/1/0715/6816/2972/files/S80269ee8dab7489bbd37091ddda994adg.webp?v=1766136032,kg,,8.82,
for-2025-ipad-air-11-case-ipad-10th-generation-11th-a16-9th-cover-gen-ipad-pro11-4-5-10-9in-12-9-m2-m3-m4-pencil-holder-case,,,,,,,,,Camping Bear Rabbit,,,iPad 5th 6th 9.7,,,,,14:10#Camping Bear Rabbit;5:6057181#iPad 5th 6th 9.7,248,dsers-fulfillment-service,continue,dsers-fulfillment-service,12.41,0,TRUE,TRUE,,,,,,https://cdn.shopify.com/s/files/1/0715/6816/2972/files/S80269ee8dab7489bbd37091ddda994adg.webp?v=1766136032,7,,,,,,,,,,,,,,,,,,,,https://cdn.shopify.com/s/files/1/0715/6816/2972/files/S80269ee8dab7489bbd37091ddda994adg.webp?v=1766136032,kg,,8.35,
for-2025-ipad-air-11-case-ipad-10th-generation-11th-a16-9th-cover-gen-ipad-pro11-4-5-10-9in-12-9-m2-m3-m4-pencil-holder-case,,,,,,,,,Camping Bear Rabbit,,,iPad Air 11 M3,,,,,14:10#Camping Bear Rabbit;5:999710432#iPad Air 11 M3,248,dsers-fulfillment-service,continue,dsers-fulfillment-service,12.85,0,TRUE,TRUE,,,,,,,,,,,,,,,,,,,,,,,,,,,https://cdn.shopify.com/s/files/1/0715/6816/2972/files/S80269ee8dab7489bbd37091ddda994adg.webp?v=1766136032,kg,,8.72,
for-2025-ipad-air-11-case-ipad-10th-generation-11th-a16-9th-cover-gen-ipad-pro11-4-5-10-9in-12-9-m2-m3-m4-pencil-holder-case,,,,,,,,,Camping Bear Rabbit,,,iPad 11th A16,,,,,14:10#Camping Bear Rabbit;5:822040216#iPad 11th A16,248,dsers-fulfillment-service,continue,dsers-fulfillment-service,12.76,0,TRUE,TRUE,,,,,,,,,,,,,,,,,,,,,,,,,,,https://cdn.shopify.com/s/files/1/0715/6816/2972/files/S80269ee8dab7489bbd37091ddda994adg.webp?v=1766136032,kg,,8.64,
for-2025-ipad-air-11-case-ipad-10th-generation-11th-a16-9th-cover-gen-ipad-pro11-4-5-10-9in-12-9-m2-m3-m4-pencil-holder-case,,,,,,,,,Camping Bear Rabbit,,,iPad Air 13 M3,,,,,14:10#Camping Bear Rabbit;5:1097750913#iPad Air 13 M3,248,dsers-fulfillment-service,continue,dsers-fulfillment-service,16.72,0,TRUE,TRUE,,,,,,,,,,,,,,,,,,,,,,,,,,,https://cdn.shopify.com/s/files/1/0715/6816/2972/files/S80269ee8dab7489bbd37091ddda994adg.webp?v=1766136032,kg,,11.94,
for-2025-ipad-air-11-case-ipad-10th-generation-11th-a16-9th-cover-gen-ipad-pro11-4-5-10-9in-12-9-m2-m3-m4-pencil-holder-case,,,,,,,,,Camping Bear Rabbit,,,iPad Pro 11 in M4,,,,,14:10#Camping Bear Rabbit;5:201496639#iPad Pro 11 in M4,248,dsers-fulfillment-service,continue,dsers-fulfillment-service,12.79,0,TRUE,TRUE,,,,,,,,,,,,,,,,,,,,,,,,,,,https://cdn.shopify.com/s/files/1/0715/6816/2972/files/S80269ee8dab7489bbd37091ddda994adg.webp?v=1766136032,kg,,8.67,
for-2025-ipad-air-11-case-ipad-10th-generation-11th-a16-9th-cover-gen-ipad-pro11-4-5-10-9in-12-9-m2-m3-m4-pencil-holder-case,,,,,,,,,Camping Bear Rabbit,,,iPad Air 11 in M2,,,,,14:10#Camping Bear Rabbit;5:201463866#iPad Air 11 in M2,248,dsers-fulfillment-service,continue,dsers-fulfillment-service,12.78,0,TRUE,TRUE,,,,,,,,,,,,,,,,,,,,,,,,,,,https://cdn.shopify.com/s/files/1/0715/6816/2972/files/S80269ee8dab7489bbd37091ddda994adg.webp?v=1766136032,kg,,8.66,
for-2025-ipad-air-11-case-ipad-10th-generation-11th-a16-9th-cover-gen-ipad-pro11-4-5-10-9in-12-9-m2-m3-m4-pencil-holder-case,,,,,,,,,Camping Bear Rabbit,,,iPad Pro 13 in M4,,,,,14:10#Camping Bear Rabbit;5:202098882#iPad Pro 13 in M4,248,dsers-fulfillment-service,continue,dsers-fulfillment-service,16.69,0,TRUE,TRUE,,,,,,,,,,,,,,,,,,,,,,,,,,,https://cdn.shopify.com/s/files/1/0715/6816/2972/files/S80269ee8dab7489bbd37091ddda994adg.webp?v=1766136032,kg,,11.92,
for-2025-ipad-air-11-case-ipad-10th-generation-11th-a16-9th-cover-gen-ipad-pro11-4-5-10-9in-12-9-m2-m3-m4-pencil-holder-case,,,,,,,,,Camping Bear Rabbit,,,iPad Air 13 in M2,,,,,14:10#Camping Bear Rabbit;5:202096845#iPad Air 13 in M2,248,dsers-fulfillment-service,continue,dsers-fulfillment-service,16.48,0,TRUE,TRUE,,,,,,,,,,,,,,,,,,,,,,,,,,,https://cdn.shopify.com/s/files/1/0715/6816/2972/files/S80269ee8dab7489bbd37091ddda994adg.webp?v=1766136032,kg,,11.74,
fluffy-fuzzy-plush-fur-case-tablet-for-apple-ipad-10-9-air6-pro11-2024-cute-bear-10-2-10-5-12-9-inch-air-4-5-mini-6-7th-8th-9th,Fluffy Fuzzy Plush Fur Case Tablet For Apple ipad 10.9 Air6 Pro11 2024 Cute Bear 10.2 10.5 12.9 inch Air 4 5 Mini 6 7th 8th 9th,"<h1>SPECIFICATIONS</h1><p><span>Application Laptop Size</span>: <span style=""color:#333"">11""</span></p><p><span>Battery Included</span>: <span style=""color:#333"">No</span></p><p><span>Brand Name</span>: <span style=""color:#333"">NoEnName_Null</span></p><p><span>Choice</span>: <span style=""color:#333"">yes</span></p><p><span>Compatible Brand</span>: <span style=""color:#333"">For Apple iPad</span></p><p><span>For IPad Model</span>: <span style=""color:#333"">iPad Pro 11 inch</span></p><p><span>High-concerned chemical</span>: <span style=""color:#333"">None</span></p><p><span>Material</span>: <span style=""color:#333"">Polyester</span></p><p><span>Model Compatibility</span>: <span style=""color:#333"">iPad Pro 12.9"" 3rd(2018),ipad 8th(2020),iPad Pro 12.9"" 6th(2022),iPad 6th(2018),iPad Pro 11"" 3rd(2021),iPad Pro 9.7"" (2016),iPad Pro 12.9"" 4th(2020),iPad Air 4th(2020),iPad Air 2nd(2014),iPad Air 1st(2013),ipad mini 6th,iPad Pro 11"" 2nd(2020),iPad Pro 11"" 1st(2018),iPad 10th(2022),iPad 9th(2021),iPad Air 3rd(2019),iPad 5th(2017),iPad Air 5th(2022),iPad mini 4th,iPad Pro 12.9"" 1st(2015),iPad Pro 11"" 4th(2022),iPad Pro 12.9"" 2nd(2017),iPad Pro 12.9"" 5th(2021),iPad 7th(2019),iPad mini 5th,iPad Pro 10.5"" (2016)</span></p><p><span>Origin</span>: <span style=""color:#333"">Mainland China</span></p><p><span>Package</span>: <span style=""color:#333"">Yes</span></p><p><span>Pattern Type</span>: <span style=""color:#333"">Cartoon</span></p><p><span>Type</span>: <span style=""color:#333"">Protective Shell/Skin</span></p><p><span>semi_Choice</span>: <span style=""color:#333"">yes</span></p>",My Store,Electronics > Electronics Accessories,,,FALSE,Color,zongxiongke,,Size,Pro12.9 2020-2022,,,,,14:4602#zongxiongke;5:999710432#Pro12.9 2020-2022,300,dsers-fulfillment-service,continue,dsers-fulfillment-service,30.18,0,TRUE,TRUE,,,,,,https://cdn.shopify.com/s/files/1/0715/6816/2972/files/S6a354c6c8fde4daeb6de5d0fe854e1dfe.webp?v=1766136034,1,,FALSE,,,ipad Pro 10.5'',,,,,,,,,,,,,,,https://cdn.shopify.com/s/files/1/0715/6816/2972/files/Sd9b7345bff3548198c28786d7f126104q.webp?v=1766136034,kg,,25.45,draft
fluffy-fuzzy-plush-fur-case-tablet-for-apple-ipad-10-9-air6-pro11-2024-cute-bear-10-2-10-5-12-9-inch-air-4-5-mini-6-7th-8th-9th,,,,,,,,,zongxiongke,,,Pro2018 12.9inch,,,,,14:4602#zongxiongke;5:822040216#Pro2018 12.9inch,300,dsers-fulfillment-service,continue,dsers-fulfillment-service,30.24,0,TRUE,TRUE,,,,,,https://cdn.shopify.com/s/files/1/0715/6816/2972/files/Sfcecf61ca0004303b5c91e30ff1939325.webp?v=1766136034,2,,,,,,,,,,,,,,,,,,,,https://cdn.shopify.com/s/files/1/0715/6816/2972/files/Sd9b7345bff3548198c28786d7f126104q.webp?v=1766136034,kg,,25.5,
fluffy-fuzzy-plush-fur-case-tablet-for-apple-ipad-10-9-air6-pro11-2024-cute-bear-10-2-10-5-12-9-inch-air-4-5-mini-6-7th-8th-9th,,,,,,,,,zongxiongke,,,Ipad Pro 2024 11inch,,,,,14:4602#zongxiongke;5:202098882#Ipad Pro 2024 11inch,300,dsers-fulfillment-service,continue,dsers-fulfillment-service,27.73,0,TRUE,TRUE,,,,,,https://cdn.shopify.com/s/files/1/0715/6816/2972/files/Sd72a2ff39cf64f8c87a30acd9cfb9b9dA.webp?v=1766136034,3,,,,,,,,,,,,,,,,,,,,https://cdn.shopify.com/s/files/1/0715/6816/2972/files/Sd9b7345bff3548198c28786d7f126104q.webp?v=1766136034,kg,,23.22,
fluffy-fuzzy-plush-fur-case-tablet-for-apple-ipad-10-9-air6-pro11-2024-cute-bear-10-2-10-5-12-9-inch-air-4-5-mini-6-7th-8th-9th,,,,,,,,,zongxiongke,,,Air 2024 11inch,,,,,14:4602#zongxiongke;5:202096845#Air 2024 11inch,300,dsers-fulfillment-service,continue,dsers-fulfillment-service,28.3,0,TRUE,TRUE,,,,,,https://cdn.shopify.com/s/files/1/0715/6816/2972/files/Sb86cb6cfc21447dab691c4158b73f806u.webp?v=1766136034,4,,,,,,,,,,,,,,,,,,,,https://cdn.shopify.com/s/files/1/0715/6816/2972/files/Sd9b7345bff3548198c28786d7f126104q.webp?v=1766136034,kg,,23.74,
fluffy-fuzzy-plush-fur-case-tablet-for-apple-ipad-10-9-air6-pro11-2024-cute-bear-10-2-10-5-12-9-inch-air-4-5-mini-6-7th-8th-9th,,,,,,,,,zongxiongke,,,Pro 2024 13inch,,,,,14:4602#zongxiongke;5:2444229086#Pro 2024 13inch,300,dsers-fulfillment-service,continue,dsers-fulfillment-service,28.74,0,TRUE,TRUE,,,,,,https://cdn.shopify.com/s/files/1/0715/6816/2972/files/S8c02e1002d0b4b0f9e9435a4896a00a9m.webp?v=1766136034,5,,,,,,,,,,,,,,,,,,,,https://cdn.shopify.com/s/files/1/0715/6816/2972/files/Sd9b7345bff3548198c28786d7f126104q.webp?v=1766136034,kg,,24.14,
fluffy-fuzzy-plush-fur-case-tablet-for-apple-ipad-10-9-air6-pro11-2024-cute-bear-10-2-10-5-12-9-inch-air-4-5-mini-6-7th-8th-9th,,,,,,,,,zongxiongke,,,Air 2024 13inch,,,,,14:4602#zongxiongke;5:1097750913#Air 2024 13inch,300,dsers-fulfillment-service,continue,dsers-fulfillment-service,30.12,0,TRUE,TRUE,,,,,,https://cdn.shopify.com/s/files/1/0715/6816/2972/files/Sd9b7345bff3548198c28786d7f126104q.webp?v=1766136034,6,,,,,,,,,,,,,,,,,,,,https://cdn.shopify.com/s/files/1/0715/6816/2972/files/Sd9b7345bff3548198c28786d7f126104q.webp?v=1766136034,kg,,25.39,
fluffy-fuzzy-plush-fur-case-tablet-for-apple-ipad-10-9-air6-pro11-2024-cute-bear-10-2-10-5-12-9-inch-air-4-5-mini-6-7th-8th-9th,,,,,,,,,baixiongke,,,Pro2018 12.9inch,,,,,14:29#baixiongke;5:822040216#Pro2018 12.9inch,300,dsers-fulfillment-service,continue,dsers-fulfillment-service,30.47,0,TRUE,TRUE,,,,,,https://cdn.shopify.com/s/files/1/0715/6816/2972/files/S128bff18e56a48d48279302792c067cdH.webp?v=1766136034,7,,,,,,,,,,,,,,,,,,,,https://cdn.shopify.com/s/files/1/0715/6816/2972/files/S128bff18e56a48d48279302792c067cdH.webp?v=1766136034,kg,,25.71,
fluffy-fuzzy-plush-fur-case-tablet-for-apple-ipad-10-9-air6-pro11-2024-cute-bear-10-2-10-5-12-9-inch-air-4-5-mini-6-7th-8th-9th,,,,,,,,,baixiongke,,,Ipad Pro 2024 11inch,,,,,14:29#baixiongke;5:202098882#Ipad Pro 2024 11inch,300,dsers-fulfillment-service,continue,dsers-fulfillment-service,28.01,0,TRUE,TRUE,,,,,,,,,,,,,,,,,,,,,,,,,,,https://cdn.shopify.com/s/files/1/0715/6816/2972/files/S128bff18e56a48d48279302792c067cdH.webp?v=1766136034,kg,,23.47,
fluffy-fuzzy-plush-fur-case-tablet-for-apple-ipad-10-9-air6-pro11-2024-cute-bear-10-2-10-5-12-9-inch-air-4-5-mini-6-7th-8th-9th,,,,,,,,,baixiongke,,,Air 2024 11inch,,,,,14:29#baixiongke;5:202096845#Air 2024 11inch,300,dsers-fulfillment-service,continue,dsers-fulfillment-service,28.37,0,TRUE,TRUE,,,,,,,,,,,,,,,,,,,,,,,,,,,https://cdn.shopify.com/s/files/1/0715/6816/2972/files/S128bff18e56a48d48279302792c067cdH.webp?v=1766136034,kg,,23.8,
fluffy-fuzzy-plush-fur-case-tablet-for-apple-ipad-10-9-air6-pro11-2024-cute-bear-10-2-10-5-12-9-inch-air-4-5-mini-6-7th-8th-9th,,,,,,,,,baixiongke,,,pro11 2020-2022,,,,,14:29#baixiongke;5:201496639#pro11 2020-2022,300,dsers-fulfillment-service,continue,dsers-fulfillment-service,27.92,0,TRUE,TRUE,,,,,,,,,,,,,,,,,,,,,,,,,,,https://cdn.shopify.com/s/files/1/0715/6816/2972/files/S128bff18e56a48d48279302792c067cdH.webp?v=1766136034,kg,,23.39,
fluffy-fuzzy-plush-fur-case-tablet-for-apple-ipad-10-9-air6-pro11-2024-cute-bear-10-2-10-5-12-9-inch-air-4-5-mini-6-7th-8th-9th,,,,,,,,,zongxiongke,,,Mini6 8.3,,,,,14:4602#zongxiongke;5:352681#Mini6 8.3,300,dsers-fulfillment-service,continue,dsers-fulfillment-service,25.26,0,TRUE,TRUE,,,,,,,,,,,,,,,,,,,,,,,,,,,https://cdn.shopify.com/s/files/1/0715/6816/2972/files/Sd9b7345bff3548198c28786d7f126104q.webp?v=1766136034,kg,,20.97,
fluffy-fuzzy-plush-fur-case-tablet-for-apple-ipad-10-9-air6-pro11-2024-cute-bear-10-2-10-5-12-9-inch-air-4-5-mini-6-7th-8th-9th,,,,,,,,,baixiongke,,,Pro 2024 13inch,,,,,14:29#baixiongke;5:2444229086#Pro 2024 13inch,300,dsers-fulfillment-service,continue,dsers-fulfillment-service,30.05,0,TRUE,TRUE,,,,,,,,,,,,,,,,,,,,,,,,,,,https://cdn.shopify.com/s/files/1/0715/6816/2972/files/S128bff18e56a48d48279302792c067cdH.webp?v=1766136034,kg,,25.33,
fluffy-fuzzy-plush-fur-case-tablet-for-apple-ipad-10-9-air6-pro11-2024-cute-bear-10-2-10-5-12-9-inch-air-4-5-mini-6-7th-8th-9th,,,,,,,,,baixiongke,,,Air 2024 13inch,,,,,14:29#baixiongke;5:1097750913#Air 2024 13inch,300,dsers-fulfillment-service,continue,dsers-fulfillment-service,30.31,0,TRUE,TRUE,,,,,,,,,,,,,,,,,,,,,,,,,,,https://cdn.shopify.com/s/files/1/0715/6816/2972/files/S128bff18e56a48d48279302792c067cdH.webp?v=1766136034,kg,,25.56,
fluffy-fuzzy-plush-fur-case-tablet-for-apple-ipad-10-9-air6-pro11-2024-cute-bear-10-2-10-5-12-9-inch-air-4-5-mini-6-7th-8th-9th,,,,,,,,,baixiongke,,,Pro12.9 2020-2022,,,,,14:29#baixiongke;5:999710432#Pro12.9 2020-2022,300,dsers-fulfillment-service,continue,dsers-fulfillment-service,30.45,0,TRUE,TRUE,,,,,,,,,,,,,,,,,,,,,,,,,,,https://cdn.shopify.com/s/files/1/0715/6816/2972/files/S128bff18e56a48d48279302792c067cdH.webp?v=1766136034,kg,,25.69,
fluffy-fuzzy-plush-fur-case-tablet-for-apple-ipad-10-9-air6-pro11-2024-cute-bear-10-2-10-5-12-9-inch-air-4-5-mini-6-7th-8th-9th,,,,,,,,,zongxiongke,,,Ipad  Air3 10.5,,,,,14:4602#zongxiongke;5:14500916#Ipad  Air3 10.5,300,dsers-fulfillment-service,continue,dsers-fulfillment-service,28.42,0,TRUE,TRUE,,,,,,,,,,,,,,,,,,,,,,,,,,,https://cdn.shopify.com/s/files/1/0715/6816/2972/files/Sd9b7345bff3548198c28786d7f126104q.webp?v=1766136034,kg,,23.85,
fluffy-fuzzy-plush-fur-case-tablet-for-apple-ipad-10-9-air6-pro11-2024-cute-bear-10-2-10-5-12-9-inch-air-4-5-mini-6-7th-8th-9th,,,,,,,,,zongxiongke,,,Ipad10.2 2019-2021,,,,,14:4602#zongxiongke;5:11090870#Ipad10.2 2019-2021,300,dsers-fulfillment-service,continue,dsers-fulfillment-service,28.18,0,TRUE,TRUE,,,,,,,,,,,,,,,,,,,,,,,,,,,https://cdn.shopify.com/s/files/1/0715/6816/2972/files/Sd9b7345bff3548198c28786d7f126104q.webp?v=1766136034,kg,,23.63,
fluffy-fuzzy-plush-fur-case-tablet-for-apple-ipad-10-9-air6-pro11-2024-cute-bear-10-2-10-5-12-9-inch-air-4-5-mini-6-7th-8th-9th,,,,,,,,,zongxiongke,,,Air5 Air4 10.9 inch,,,,,14:4602#zongxiongke;5:9955502#Air5 Air4 10.9 inch,300,dsers-fulfillment-service,continue,dsers-fulfillment-service,28.14,0,TRUE,TRUE,,,,,,,,,,,,,,,,,,,,,,,,,,,https://cdn.shopify.com/s/files/1/0715/6816/2972/files/Sd9b7345bff3548198c28786d7f126104q.webp?v=1766136034,kg,,23.59,
fluffy-fuzzy-plush-fur-case-tablet-for-apple-ipad-10-9-air6-pro11-2024-cute-bear-10-2-10-5-12-9-inch-air-4-5-mini-6-7th-8th-9th,,,,,,,,,zongxiongke,,,Ipad 9.7 2017 2018,,,,,14:4602#zongxiongke;5:6057181#Ipad 9.7 2017 2018,300,dsers-fulfillment-service,continue,dsers-fulfillment-service,27.86,0,TRUE,TRUE,,,,,,,,,,,,,,,,,,,,,,,,,,,https://cdn.shopify.com/s/files/1/0715/6816/2972/files/Sd9b7345bff3548198c28786d7f126104q.webp?v=1766136034,kg,,23.34,
fluffy-fuzzy-plush-fur-case-tablet-for-apple-ipad-10-9-air6-pro11-2024-cute-bear-10-2-10-5-12-9-inch-air-4-5-mini-6-7th-8th-9th,,,,,,,,,zongxiongke,,,pro11 2020-2022,,,,,14:4602#zongxiongke;5:201496639#pro11 2020-2022,300,dsers-fulfillment-service,continue,dsers-fulfillment-service,27.75,0,TRUE,TRUE,,,,,,,,,,,,,,,,,,,,,,,,,,,https://cdn.shopify.com/s/files/1/0715/6816/2972/files/Sd9b7345bff3548198c28786d7f126104q.webp?v=1766136034,kg,,23.24,
fluffy-fuzzy-plush-fur-case-tablet-for-apple-ipad-10-9-air6-pro11-2024-cute-bear-10-2-10-5-12-9-inch-air-4-5-mini-6-7th-8th-9th,,,,,,,,,zongxiongke,,,Ipad Pro 2018 11inch,,,,,14:4602#zongxiongke;5:201463866#Ipad Pro 2018 11inch,300,dsers-fulfillment-service,continue,dsers-fulfillment-service,27.75,0,TRUE,TRUE,,,,,,,,,,,,,,,,,,,,,,,,,,,https://cdn.shopify.com/s/files/1/0715/6816/2972/files/Sd9b7345bff3548198c28786d7f126104q.webp?v=1766136034,kg,,23.24,
fluffy-fuzzy-plush-fur-case-tablet-for-apple-ipad-10-9-air6-pro11-2024-cute-bear-10-2-10-5-12-9-inch-air-4-5-mini-6-7th-8th-9th,,,,,,,,,zongxiongke,,,2022 10th 10.9 inch,,,,,14:4602#zongxiongke;5:201000052#2022 10th 10.9 inch,300,dsers-fulfillment-service,continue,dsers-fulfillment-service,26.19,0,TRUE,TRUE,,,,,,,,,,,,,,,,,,,,,,,,,,,https://cdn.shopify.com/s/files/1/0715/6816/2972/files/Sd9b7345bff3548198c28786d7f126104q.webp?v=1766136034,kg,,21.82,
fluffy-fuzzy-plush-fur-case-tablet-for-apple-ipad-10-9-air6-pro11-2024-cute-bear-10-2-10-5-12-9-inch-air-4-5-mini-6-7th-8th-9th,,,,,,,,,zongxiongke,,,Ipad  pro 10.5inch,,,,,14:4602#zongxiongke;5:200038100#Ipad  pro 10.5inch,300,dsers-fulfillment-service,continue,dsers-fulfillment-service,28.47,0,TRUE,TRUE,,,,,,,,,,,,,,,,,,,,,,,,,,,https://cdn.shopify.com/s/files/1/0715/6816/2972/files/Sd9b7345bff3548198c28786d7f126104q.webp?v=1766136034,kg,,23.89,
fluffy-fuzzy-plush-fur-case-tablet-for-apple-ipad-10-9-air6-pro11-2024-cute-bear-10-2-10-5-12-9-inch-air-4-5-mini-6-7th-8th-9th,,,,,,,,,baixiongke,,,Ipad10.2 2019-2021,,,,,14:29#baixiongke;5:11090870#Ipad10.2 2019-2021,300,dsers-fulfillment-service,continue,dsers-fulfillment-service,28.74,0,TRUE,TRUE,,,,,,,,,,,,,,,,,,,,,,,,,,,https://cdn.shopify.com/s/files/1/0715/6816/2972/files/S128bff18e56a48d48279302792c067cdH.webp?v=1766136034,kg,,24.14,
fluffy-fuzzy-plush-fur-case-tablet-for-apple-ipad-10-9-air6-pro11-2024-cute-bear-10-2-10-5-12-9-inch-air-4-5-mini-6-7th-8th-9th,,,,,,,,,baixiongke,,,Air5 Air4 10.9 inch,,,,,14:29#baixiongke;5:9955502#Air5 Air4 10.9 inch,300,dsers-fulfillment-service,continue,dsers-fulfillment-service,27.98,0,TRUE,TRUE,,,,,,,,,,,,,,,,,,,,,,,,,,,https://cdn.shopify.com/s/files/1/0715/6816/2972/files/S128bff18e56a48d48279302792c067cdH.webp?v=1766136034,kg,,23.45,
fluffy-fuzzy-plush-fur-case-tablet-for-apple-ipad-10-9-air6-pro11-2024-cute-bear-10-2-10-5-12-9-inch-air-4-5-mini-6-7th-8th-9th,,,,,,,,,baixiongke,,,Ipad 9.7 2017 2018,,,,,14:29#baixiongke;5:6057181#Ipad 9.7 2017 2018,300,dsers-fulfillment-service,continue,dsers-fulfillment-service,28.24,0,TRUE,TRUE,,,,,,,,,,,,,,,,,,,,,,,,,,,https://cdn.shopify.com/s/files/1/0715/6816/2972/files/S128bff18e56a48d48279302792c067cdH.webp?v=1766136034,kg,,23.68,
fluffy-fuzzy-plush-fur-case-tablet-for-apple-ipad-10-9-air6-pro11-2024-cute-bear-10-2-10-5-12-9-inch-air-4-5-mini-6-7th-8th-9th,,,,,,,,,baixiongke,,,Mini6 8.3,,,,,14:29#baixiongke;5:352681#Mini6 8.3,300,dsers-fulfillment-service,continue,dsers-fulfillment-service,25.37,0,TRUE,TRUE,,,,,,,,,,,,,,,,,,,,,,,,,,,https://cdn.shopify.com/s/files/1/0715/6816/2972/files/S128bff18e56a48d48279302792c067cdH.webp?v=1766136034,kg,,21.07,
fluffy-fuzzy-plush-fur-case-tablet-for-apple-ipad-10-9-air6-pro11-2024-cute-bear-10-2-10-5-12-9-inch-air-4-5-mini-6-7th-8th-9th,,,,,,,,,baixiongke,,,Ipad Pro 2018 11inch,,,,,14:29#baixiongke;5:201463866#Ipad Pro 2018 11inch,300,dsers-fulfillment-service,continue,dsers-fulfillment-service,28.03,0,TRUE,TRUE,,,,,,,,,,,,,,,,,,,,,,,,,,,https://cdn.shopify.com/s/files/1/0715/6816/2972/files/S128bff18e56a48d48279302792c067cdH.webp?v=1766136034,kg,,23.49,
fluffy-fuzzy-plush-fur-case-tablet-for-apple-ipad-10-9-air6-pro11-2024-cute-bear-10-2-10-5-12-9-inch-air-4-5-mini-6-7th-8th-9th,,,,,,,,,baixiongke,,,2022 10th 10.9 inch,,,,,14:29#baixiongke;5:201000052#2022 10th 10.9 inch,300,dsers-fulfillment-service,continue,dsers-fulfillment-service,27.5,0,TRUE,TRUE,,,,,,,,,,,,,,,,,,,,,,,,,,,https://cdn.shopify.com/s/files/1/0715/6816/2972/files/S128bff18e56a48d48279302792c067cdH.webp?v=1766136034,kg,,23.01,
fluffy-fuzzy-plush-fur-case-tablet-for-apple-ipad-10-9-air6-pro11-2024-cute-bear-10-2-10-5-12-9-inch-air-4-5-mini-6-7th-8th-9th,,,,,,,,,baixiongke,,,Ipad  pro 10.5inch,,,,,14:29#baixiongke;5:200038100#Ipad  pro 10.5inch,300,dsers-fulfillment-service,continue,dsers-fulfillment-service,28.45,0,TRUE,TRUE,,,,,,,,,,,,,,,,,,,,,,,,,,,https://cdn.shopify.com/s/files/1/0715/6816/2972/files/S128bff18e56a48d48279302792c067cdH.webp?v=1766136034,kg,,23.87,
fluffy-fuzzy-plush-fur-case-tablet-for-apple-ipad-10-9-air6-pro11-2024-cute-bear-10-2-10-5-12-9-inch-air-4-5-mini-6-7th-8th-9th,,,,,,,,,baixiongke,,,Ipad  Air3 10.5,,,,,14:29#baixiongke;5:14500916#Ipad  Air3 10.5,300,dsers-fulfillment-service,continue,dsers-fulfillment-service,28.45,0,TRUE,TRUE,,,,,,,,,,,,,,,,,,,,,,,,,,,https://cdn.shopify.com/s/files/1/0715/6816/2972/files/S128bff18e56a48d48279302792c067cdH.webp?v=1766136034,kg,,23.87,
dropproof-tablet-case-for-amazon-fire-hd-8-2022-360-swivel-bracelet-holder-contrasting-design-with-shoulder-straps,"Dropproof tablet case for Amazon Fire HD 8 ( 2022), 360° swivel bracelet holder, contrasting design, with shoulder straps","<h1>SPECIFICATIONS</h1>
<p><span>Application Laptop Size</span>: <span style=""color: #333;"">8""</span></p>
<p><span>Battery Included</span>: <span style=""color: #333;"">No</span></p>
<p><span>Brand Name</span>: <span style=""color: #333;"">NoEnName_Null</span></p>
<p><span>Choice</span>: <span style=""color: #333;"">yes</span></p>
<p><span>Feature</span>: <span style=""color: #333;"">Shockproof,Hard</span></p>
<p><span>High-concerned chemical</span>: <span style=""color: #333;"">None</span></p>
<p><span>Material</span>: <span style=""color: #333;"">Silicon</span></p>
<p><span>Origin</span>: <span style=""color: #333;"">Mainland China</span></p>
<p><span>Style</span>: <span style=""color: #333;"">Fashion</span></p>
<p><span>Type</span>: <span style=""color: #333;"">Protective Shell/Skin</span></p>",My Store,Electronics > Electronics Accessories,Tough Tablet Case,,FALSE,Color,Rose Gold,,Size,New fire HD 8.0 2022,,,,,14:201447303#Rose Gold;5:699#New fire HD 8.0 2022,297,dsers-fulfillment-service,continue,dsers-fulfillment-service,20,0,TRUE,TRUE,,,,,,https://cdn.shopify.com/s/files/1/0715/6816/2972/files/S489b0014dfd144649e17f6b26bcdd861s.webp?v=1766136033,1,,FALSE,,,Amazon Fire HD 8.0,,,blue; rainbow; pink; multicolor; green,,,,,,,,,,,,https://cdn.shopify.com/s/files/1/0715/6816/2972/files/S79d26a2214dd422eb972e0785923da0eN.webp?v=1766136035,kg,,11.28,draft
dropproof-tablet-case-for-amazon-fire-hd-8-2022-360-swivel-bracelet-holder-contrasting-design-with-shoulder-straps,,,,,,,,,Rainbow-Rose red,,,New fire HD 8.0 2022,,,,,14:200003699#Rainbow-Rose red;5:699#New fire HD 8.0 2022,297,dsers-fulfillment-service,continue,dsers-fulfillment-service,20,0,TRUE,TRUE,,,,,,https://cdn.shopify.com/s/files/1/0715/6816/2972/files/S481e73c0fb7643b3ab81a4ccda5de56fo.webp?v=1766136034,2,,,,,,,,,,,,,,,,,,,,https://cdn.shopify.com/s/files/1/0715/6816/2972/files/S37f5621a4e994bcf9d0f28e3dda07ce44.webp?v=1766136034,kg,,11.33,
dropproof-tablet-case-for-amazon-fire-hd-8-2022-360-swivel-bracelet-holder-contrasting-design-with-shoulder-straps,,,,,,,,,Rainbow-Blue,,,New fire HD 8.0 2022,,,,,14:100009342#Rainbow-Blue;5:699#New fire HD 8.0 2022,297,dsers-fulfillment-service,continue,dsers-fulfillment-service,20,0,TRUE,TRUE,,,,,,https://cdn.shopify.com/s/files/1/0715/6816/2972/files/S73ed15855328496d9b260863bc011456Y.webp?v=1766136036,3,,,,,,,,,,,,,,,,,,,,https://cdn.shopify.com/s/files/1/0715/6816/2972/files/Sebd3684ec19a42c5b4d371d8951bf276x.webp?v=1766136034,kg,,11.32,
dropproof-tablet-case-for-amazon-fire-hd-8-2022-360-swivel-bracelet-holder-contrasting-design-with-shoulder-straps,,,,,,,,,Black,,,New fire HD 8.0 2022,,,,,14:193#Black;5:699#New fire HD 8.0 2022,297,dsers-fulfillment-service,continue,dsers-fulfillment-service,20,0,TRUE,TRUE,,,,,,https://cdn.shopify.com/s/files/1/0715/6816/2972/files/S1ddbd1976b764237a59b8c1c3b9a7d5dk.webp?v=1766136034,4,,,,,,,,,,,,,,,,,,,,https://cdn.shopify.com/s/files/1/0715/6816/2972/files/S499fd6a62fcb4c50b8a99b31d7d75463q.webp?v=1766136034,kg,,11.34,
dropproof-tablet-case-for-amazon-fire-hd-8-2022-360-swivel-bracelet-holder-contrasting-design-with-shoulder-straps,,,,,,,,,Navy blue-Chartreuse,,,New fire HD 8.0 2022,,,,,14:366#Navy blue-Chartreuse;5:699#New fire HD 8.0 2022,297,dsers-fulfillment-service,continue,dsers-fulfillment-service,20,0,TRUE,TRUE,,,,,,https://cdn.shopify.com/s/files/1/0715/6816/2972/files/Sa862db45e0d44a8f87798dee1d25f320X.webp?v=1766136034,5,,,,,,,,,,,,,,,,,,,,https://cdn.shopify.com/s/files/1/0715/6816/2972/files/S77dff4fbaa8e44d5a5a81c83a914bdcdI.webp?v=1766136034,kg,,11.41,
dropproof-tablet-case-for-amazon-fire-hd-8-2022-360-swivel-bracelet-holder-contrasting-design-with-shoulder-straps,,,,,,,,,Colorful green,,,New fire HD 8.0 2022,,,,,14:175#Colorful green;5:699#New fire HD 8.0 2022,297,dsers-fulfillment-service,continue,dsers-fulfillment-service,20,0,TRUE,TRUE,,,,,,https://cdn.shopify.com/s/files/1/0715/6816/2972/files/S8297a3b3e1f64b79bf5da887b132f7617.webp?v=1766136035,6,,,,,,,,,,,,,,,,,,,,https://cdn.shopify.com/s/files/1/0715/6816/2972/files/Sce30b02d905c4e6cb2e4d45e314440f7F.webp?v=1766136034,kg,,11.28,
dropproof-tablet-case-for-amazon-fire-hd-8-2022-360-swivel-bracelet-holder-contrasting-design-with-shoulder-straps,,,,,,,,,Colorful red,,,New fire HD 8.0 2022,,,,,14:10#Colorful red;5:699#New fire HD 8.0 2022,297,dsers-fulfillment-service,continue,dsers-fulfillment-service,20,0,TRUE,TRUE,,,,,,https://cdn.shopify.com/s/files/1/0715/6816/2972/files/Sb86bb511bac14084ba2e4ed76bc3c046m.webp?v=1766136035,7,,,,,,,,,,,,,,,,,,,,https://cdn.shopify.com/s/files/1/0715/6816/2972/files/S06e0af2b24124bfaad95b7d438e7bce7X.webp?v=1766136034,kg,,11.41,
dropproof-tablet-case-for-amazon-fire-hd-8-2022-360-swivel-bracelet-holder-contrasting-design-with-shoulder-straps,,,,,,,,,Colorful Pink,,,New fire HD 8.0 2022,,,,,14:1052#Colorful Pink;5:699#New fire HD 8.0 2022,297,dsers-fulfillment-service,continue,dsers-fulfillment-service,20,0,TRUE,TRUE,,,,,,https://cdn.shopify.com/s/files/1/0715/6816/2972/files/S79d26a2214dd422eb972e0785923da0eN.webp?v=1766136035,8,,,,,,,,,,,,,,,,,,,,https://cdn.shopify.com/s/files/1/0715/6816/2972/files/Sb86bb511bac14084ba2e4ed76bc3c046m.webp?v=1766136035,kg,,11.29,
dropproof-tablet-case-for-amazon-fire-hd-8-2022-360-swivel-bracelet-holder-contrasting-design-with-shoulder-straps,,,,,,,,,Navy blue-Rose red,,,New fire HD 8.0 2022,,,,,14:200013899#Navy blue-Rose red;5:699#New fire HD 8.0 2022,297,dsers-fulfillment-service,continue,dsers-fulfillment-service,20,0,TRUE,TRUE,,,,,,https://cdn.shopify.com/s/files/1/0715/6816/2972/files/Sebd3684ec19a42c5b4d371d8951bf276x.webp?v=1766136034,9,,,,,,,,,,,,,,,,,,,,https://cdn.shopify.com/s/files/1/0715/6816/2972/files/Sbce03efb923741b68062c3d85773be8dw.webp?v=1766136035,kg,,11.41,
dropproof-tablet-case-for-amazon-fire-hd-8-2022-360-swivel-bracelet-holder-contrasting-design-with-shoulder-straps,,,,,,,,,Navy blue-Blue,,,New fire HD 8.0 2022,,,,,14:201504125#Navy blue-Blue;5:699#New fire HD 8.0 2022,297,dsers-fulfillment-service,continue,dsers-fulfillment-service,20,0,TRUE,TRUE,,,,,,https://cdn.shopify.com/s/files/1/0715/6816/2972/files/S77dff4fbaa8e44d5a5a81c83a914bdcdI.webp?v=1766136034,10,,,,,,,,,,,,,,,,,,,,https://cdn.shopify.com/s/files/1/0715/6816/2972/files/S489b0014dfd144649e17f6b26bcdd861s.webp?v=1766136033,kg,,11.32,
dropproof-tablet-case-for-amazon-fire-hd-8-2022-360-swivel-bracelet-holder-contrasting-design-with-shoulder-straps,,,,,,,,,,,,,,,,,,,,,,,,,,,,,,,https://cdn.shopify.com/s/files/1/0715/6816/2972/files/S06e0af2b24124bfaad95b7d438e7bce7X.webp?v=1766136034,11,,,,,,,,,,,,,,,,,,,,,,,,
dropproof-tablet-case-for-amazon-fire-hd-8-2022-360-swivel-bracelet-holder-contrasting-design-with-shoulder-straps,,,,,,,,,,,,,,,,,,,,,,,,,,,,,,,https://cdn.shopify.com/s/files/1/0715/6816/2972/files/Sbce03efb923741b68062c3d85773be8dw.webp?v=1766136035,12,,,,,,,,,,,,,,,,,,,,,,,,
dropproof-tablet-case-for-amazon-fire-hd-8-2022-360-swivel-bracelet-holder-contrasting-design-with-shoulder-straps,,,,,,,,,,,,,,,,,,,,,,,,,,,,,,,https://cdn.shopify.com/s/files/1/0715/6816/2972/files/S37f5621a4e994bcf9d0f28e3dda07ce44.webp?v=1766136034,13,,,,,,,,,,,,,,,,,,,,,,,,
dropproof-tablet-case-for-amazon-fire-hd-8-2022-360-swivel-bracelet-holder-contrasting-design-with-shoulder-straps,,,,,,,,,,,,,,,,,,,,,,,,,,,,,,,https://cdn.shopify.com/s/files/1/0715/6816/2972/files/S499fd6a62fcb4c50b8a99b31d7d75463q.webp?v=1766136034,14,,,,,,,,,,,,,,,,,,,,,,,,
dropproof-tablet-case-for-amazon-fire-hd-8-2022-360-swivel-bracelet-holder-contrasting-design-with-shoulder-straps,,,,,,,,,,,,,,,,,,,,,,,,,,,,,,,https://cdn.shopify.com/s/files/1/0715/6816/2972/files/Sce30b02d905c4e6cb2e4d45e314440f7F.webp?v=1766136034,15,,,,,,,,,,,,,,,,,,,,,,,,